{
    "temperatures": [
        2.159597396850586,
        2.572136163711548,
        1.0,
        1.0,
        0.25997021794319153,
        0.4687407612800598,
        0.749948263168335,
        1.2490190267562866,
        0.8123155832290649,
        1.3012338876724243,
        1.4756410121917725
    ],
    "tau": 10,
    "aggregation_method": "min"
}