{
    "temperatures": [
        3.4964842796325684,
        3.4714434146881104,
        3.463503360748291,
        3.542945623397827,
        3.617832660675049,
        3.7115352153778076,
        3.797114133834839,
        3.87152099609375,
        3.9374818801879883,
        3.992225408554077,
        4.026559352874756
    ],
    "tau": 10,
    "aggregation_method": "geometric_mean"
}